Ticker;Fonds;Währung;Fondsvermögen;NAV per;UCITS;Domizil;Per;5. Jahr;4. Jahr;3. Jahr;2. Jahr;1. Jahr;NAV per;1J (%);2J (%);3J (%);5J (%);Seit Aufleg. (%);NAV per;Seit 1.1. (%);6M (%);3J (%);5J (%);Seit Aufleg. (%);Ausschüttungsrendite (%);Restlaufzeit;Kupon;Modifizierte Duration;Effektivverzinsung;Umlaufrendite
ISWD;iShares MSCI World Islamic UCITS ETF;USD;100.500.437,62;17.Dez.2014;Y;Irland;30.Sep.2014;7,29;-2,18;18,86;15,10;11,88;30.Nov.2014;6,62;13,68;11,67;9,13;3,30;30.Nov.2014;4,26;-0,71;39,24;54,79;25,41;1,68;--;0,03;0,00;0,00;--
ISFR;iShares MSCI France UCITS ETF;EUR;4.633.617,48;17.Dez.2014;Y;Irland;--;--;--;--;--;--;30.Nov.2014;--;--;--;--;-6,53;30.Nov.2014;--;--;--;--;-1,58;--;--;--;--;--;0,00
ISUS;iShares MSCI USA Islamic UCITS ETF;USD;39.878.337,59;17.Dez.2014;Y;Irland;30.Sep.2014;9,07;2,30;24,97;17,63;17,20;30.Nov.2014;13,02;19,89;16,30;13,44;6,68;30.Nov.2014;10,07;4,52;57,31;87,86;57,00;1,28;--;0,02;0,00;0,00;--
ISEM;iShares MSCI Emerging Markets Islamic UCITS ETF;USD;20.827.101,10;17.Dez.2014;Y;Irland;30.Sep.2014;12,81;-11,64;10,89;-5,62;0,20;30.Nov.2014;-3,89;-3,30;-1,49;-0,58;-4,42;30.Nov.2014;-2,14;-4,59;-4,39;-2,85;-27,04;2,32;--;1,09;0,00;0,05;--
INRG;iShares Global Clean Energy UCITS ETF;USD;103.939.893,46;17.Dez.2014;Y;Irland;30.Sep.2014;-24,18;-44,55;-23,74;52,31;8,01;30.Nov.2014;-0,86;26,74;6,43;-11,44;-17,18;30.Nov.2014;-0,63;-6,94;20,55;-45,51;-75,22;2,02;--;0,02;0,00;0,00;--
IEMI;iShares Emerging Market Infrastructure UCITS ETF;USD;90.351.486,31;17.Dez.2014;Y;Irland;30.Sep.2014;18,40;-17,05;25,31;6,63;5,99;30.Nov.2014;3,23;7,33;9,91;6,16;1,77;30.Nov.2014;3,88;2,24;32,78;34,84;12,67;2,68;--;0,61;0,00;0,04;--
SPOG;iShares Oil & Gas Exploration & Production UCITS ETF;USD;21.221.729,55;17.Dez.2014;Y;Irland;30.Sep.2014;--;--;14,48;11,93;2,96;30.Nov.2014;-19,47;-3,41;-5,05;--;-4,03;30.Nov.2014;-19,06;-27,68;-14,39;--;-12,34;--;--;-0,57;0,00;-0,03;--
SPGP;iShares Gold Producers UCITS ETF;USD;255.787.662,77;17.Dez.2014;Y;Irland;30.Sep.2014;--;--;-5,04;-51,91;-14,40;30.Nov.2014;-16,08;-36,88;-32,67;--;-32,13;30.Nov.2014;-13,39;-18,52;-69,47;--;-71,14;--;--;0,00;0,00;0,00;--
IH2O;iShares Global Water UCITS ETF;USD;340.397.827,54;17.Dez.2014;Y;Irland;30.Sep.2014;6,22;1,09;20,49;20,15;9,24;30.Nov.2014;7,58;16,18;15,79;11,66;5,85;30.Nov.2014;4,04;-2,74;55,25;73,59;54,94;1,77;--;0,03;0,00;0,00;--
WOOD;iShares Global Timber & Forestry UCITS ETF;USD;68.978.199,34;17.Dez.2014;Y;Irland;30.Sep.2014;16,75;-15,48;18,34;24,60;0,35;30.Nov.2014;3,47;12,12;13,56;8,30;-1,22;30.Nov.2014;-0,34;0,74;46,45;49,01;-8,38;1,83;--;0,03;0,00;0,00;--
CSBGE3;iShares Euro Government Bond 1-3yr UCITS ETF (Acc);EUR;66.385.504,44;17.Dez.2014;Y;Irland;30.Sep.2014;0,67;1,10;3,72;1,79;2,05;30.Nov.2014;1,31;1,57;2,96;1,81;1,88;30.Nov.2014;1,43;0,49;9,13;9,37;10,79;--;1,94;1,44;1,91;0,40;1,42
IPRV;iShares Listed Private Equity UCITS ETF;USD;339.564.108,21;17.Dez.2014;Y;Irland;30.Sep.2014;10,97;-15,23;31,70;34,23;1,76;30.Nov.2014;1,94;18,32;19,33;13,10;-0,77;30.Nov.2014;-0,11;-0,07;69,93;85,08;-5,80;3,97;--;0,13;0,02;0,04;--
SAAA;iShares Global AAA-AA Government Bond UCITS ETF;USD;42.205.533,76;17.Dez.2014;Y;Irland;30.Sep.2014;--;--;--;--;0,21;30.Nov.2014;-0,01;-0,87;--;--;-0,64;30.Nov.2014;0,52;-3,09;--;--;-1,39;1,36;9,25;2,57;7,30;0,93;2,27
CSBGE7;iShares Euro Government Bond 3-7yr UCITS ETF (Acc);EUR;123.143.453,04;17.Dez.2014;Y;Irland;30.Sep.2014;3,21;0,90;6,65;3,55;8,03;30.Nov.2014;6,59;5,09;7,38;4,36;4,64;30.Nov.2014;7,19;2,90;23,82;23,78;28,32;--;4,77;3,17;4,42;0,52;2,83
ISP6;iShares S&P SmallCap 600 UCITS ETF;USD;321.035.522,90;17.Dez.2014;Y;Irland;30.Sep.2014;13,39;-0,38;32,73;30,72;5,15;30.Nov.2014;3,75;21,83;18,93;17,77;10,16;30.Nov.2014;2,32;4,02;68,22;126,52;88,67;0,40;--;0,02;0,00;0,00;--
EXI7;iShares STOXX Asia Pacific 600 Real Estate Cap UCITS ETF (DE);EUR;13.259.945,89;17.Dez.2014;Y;Deutschland;30.Sep.2014;17,12;-14,84;39,95;12,30;5,63;28.Feb.2014;-13,04;5,54;4,10;15,77;0,82;28.Feb.2014;-6,13;-5,52;12,81;107,94;6,31;--;--;0,01;0,00;0,00;--
EXI6;iShares STOXX North America 600 Real Estate Cap UCITS ETF (DE);EUR;14.803.801,52;17.Dez.2014;Y;Deutschland;30.Sep.2014;37,07;5,82;33,01;-4,68;21,33;28.Feb.2014;-5,47;4,94;6,35;22,01;--;28.Feb.2014;--;5,32;20,27;170,39;--;--;--;0,02;0,00;0,00;--
EXI1;iShares SLI UCITS ETF (DE);CHF;234.644.148,04;17.Dez.2014;Y;Deutschland;30.Sep.2014;1,88;-10,08;20,04;26,84;9,71;30.Nov.2014;10,19;16,90;19,13;9,75;3,75;30.Nov.2014;11,05;2,65;69,07;59,22;65,51;--;--;0,00;0,00;0,00;--
CSBGE0;iShares Euro Government Bond 7-10yr UCITS ETF (Acc);EUR;32.999.832,80;17.Dez.2014;Y;Irland;30.Sep.2014;4,54;0,49;8,09;4,95;14,08;30.Nov.2014;13,99;9,00;11,93;6,54;7,11;30.Nov.2014;15,15;7,09;40,23;37,25;45,81;--;8,45;2,95;7,52;1,00;2,56
EXSA;iShares STOXX Europe 600 UCITS ETF (DE);EUR;3.401.304.722,17;17.Dez.2014;Y;Deutschland;30.Sep.2014;10,01;-10,07;22,67;19,16;13,84;28.Feb.2014;17,30;15,30;8,24;17,23;6,33;28.Feb.2014;3,60;13,36;26,81;121,37;85,27;--;--;0,00;0,00;0,00;--
EXW3;iShares STOXX Europe 50 UCITS ETF (DE);EUR;498.407.759,95;17.Dez.2014;Y;Deutschland;30.Sep.2014;4,06;-9,88;20,86;14,07;13,83;28.Feb.2014;12,61;11,72;5,74;13,79;-0,61;28.Feb.2014;2,45;11,30;18,23;90,80;-7,71;--;--;0,01;0,00;0,00;--
EUN;iShares STOXX Europe 50 UCITS ETF;EUR;684.402.954,00;17.Dez.2014;Y;Irland;30.Sep.2014;4,28;-9,92;21,35;13,87;13,96;30.Nov.2014;9,31;13,28;13,97;8,36;-0,51;30.Nov.2014;8,62;2,37;48,06;49,41;-7,16;2,88;--;0,00;0,00;0,00;--
EXSJ;iShares STOXX EU Enlarged 15 UCITS ETF (DE);EUR;7.872.596,07;17.Dez.2014;Y;Deutschland;30.Sep.2014;11,60;-20,68;17,77;-7,24;9,61;28.Feb.2014;-7,41;-2,88;-6,97;11,99;1,94;28.Feb.2014;1,18;-1,64;-19,48;76,17;18,52;--;0,00;0,00;0,00;--;0,00
CSUKL;iShares MSCI UK Large Cap UCITS ETF;GBP;14.312.990,61;17.Dez.2014;Y;Irland;30.Sep.2014;9,08;-4,60;14,66;14,43;5,59;30.Nov.2014;3,08;9,16;8,86;7,49;10,01;30.Nov.2014;1,66;-0,89;29,00;43,50;68,87;--;--;0,01;0,00;0,00;--
EXV1;iShares STOXX Europe 600 Banks UCITS ETF (DE);EUR;363.716.293,54;17.Dez.2014;Y;Deutschland;30.Sep.2014;-9,66;-34,10;14,04;27,37;14,21;28.Feb.2014;17,45;16,82;-0,23;14,67;-2,36;28.Feb.2014;5,14;16,27;-0,69;98,26;-26,41;--;0,00;0,00;0,00;--;0,00
EXV5;iShares STOXX Europe 600 Automobiles & Parts UCITS ETF (DE);EUR;29.096.949,43;17.Dez.2014;Y;Deutschland;30.Sep.2014;27,02;-12,81;26,89;48,23;7,83;28.Feb.2014;40,65;25,85;16,17;29,65;9,47;28.Feb.2014;6,77;25,73;56,78;266,39;186,82;--;--;0,00;0,00;0,00;--
CSBILE;iShares Euro Inflation Link Bond UCITS ETF;EUR;36.065.889,57;17.Dez.2014;Y;Irland;30.Sep.2014;2,24;-2,02;10,21;1,94;8,64;30.Nov.2014;7,80;3,98;9,66;4,16;4,69;30.Nov.2014;8,32;3,06;31,88;22,58;28,66;--;8,48;1,69;7,53;1,02;1,53
EXV7;iShares STOXX Europe 600 Chemicals UCITS ETF (DE);EUR;49.766.856,98;17.Dez.2014;Y;Deutschland;30.Sep.2014;26,13;-5,72;43,11;13,83;9,80;28.Feb.2014;11,84;15,26;11,93;23,40;10,66;28.Feb.2014;0,70;11,51;40,22;186,17;225,35;--;--;0,01;0,00;0,00;--
CSUKS;iShares MSCI UK Small Cap UCITS ETF;GBP;35.631.973,39;17.Dez.2014;Y;Irland;30.Sep.2014;19,09;-6,01;25,45;32,18;2,95;30.Nov.2014;1,16;16,78;18,39;15,20;17,84;30.Nov.2014;-2,36;-2,11;65,95;102,90;143,24;--;--;0,01;0,00;0,00;--
EXV6;iShares STOXX Europe 600 Basic Resources UCITS ETF (DE);EUR;114.180.718,73;17.Dez.2014;Y;Deutschland;30.Sep.2014;30,00;-21,71;12,81;-5,94;7,24;28.Feb.2014;-4,31;-7,82;-10,35;14,28;6,53;28.Feb.2014;4,81;9,62;-27,95;94,95;108,80;--;--;0,00;0,00;0,00;--
EXH2;iShares STOXX Europe 600 Financial Services UCITS ETF (DE);EUR;31.012.869,50;17.Dez.2014;Y;Deutschland;30.Sep.2014;6,89;-12,10;21,50;33,52;15,60;28.Feb.2014;24,68;23,74;10,51;21,78;6,09;28.Feb.2014;2,09;18,54;34,97;167,87;99,09;--;--;0,02;0,00;0,00;--
EXV8;iShares STOXX Europe 600 Construction & Materials UCITS ETF (DE);EUR;12.833.337,19;17.Dez.2014;Y;Deutschland;30.Sep.2014;-4,32;-12,49;17,23;29,68;10,17;28.Feb.2014;24,02;16,95;7,55;18,42;7,01;28.Feb.2014;7,83;22,16;24,39;132,91;120,06;--;0,00;0,01;0,00;--;0,00
EXV4;iShares STOXX Europe 600 Health Care UCITS ETF (DE);EUR;483.450.957,23;17.Dez.2014;Y;Deutschland;30.Sep.2014;14,45;7,17;26,25;18,17;30,28;28.Feb.2014;21,56;22,96;19,40;19,53;4,43;28.Feb.2014;8,80;16,70;70,21;144,04;74,46;--;--;-0,01;0,00;0,00;--
CSUSS;iShares MSCI USA Small Cap UCITS ETF;USD;249.349.063,25;17.Dez.2014;Y;Irland;30.Sep.2014;16,07;-2,37;30,82;29,56;8,22;30.Nov.2014;7,61;21,59;19,04;17,54;19,40;30.Nov.2014;5,20;4,50;68,68;124,35;161,13;--;--;0,02;0,00;0,00;--
EXH3;iShares STOXX Europe 600 Food & Beverage UCITS ETF (DE);EUR;100.936.321,44;17.Dez.2014;Y;Deutschland;30.Sep.2014;27,23;4,73;31,26;10,82;12,77;28.Feb.2014;0,75;12,59;13,75;19,83;8,30;28.Feb.2014;0,43;4,72;47,18;147,05;152,93;--;--;0,01;0,00;0,00;--
EXH5;iShares STOXX Europe 600 Insurance UCITS ETF (DE);EUR;74.589.523,20;17.Dez.2014;Y;Deutschland;30.Sep.2014;-3,12;-12,16;31,97;30,14;22,37;28.Feb.2014;29,01;25,51;12,20;23,17;2,44;28.Feb.2014;1,95;19,40;41,26;183,44;32,40;--;0,00;0,00;0,00;--;0,00
EXH4;iShares STOXX Europe 600 Industrial Goods & Services UCITS ETF (DE);EUR;37.241.682,55;17.Dez.2014;Y;Deutschland;30.Sep.2014;26,64;-11,80;28,65;26,06;4,87;28.Feb.2014;16,56;16,73;9,09;22,98;7,84;28.Feb.2014;1,40;13,33;29,81;181,33;140,74;--;--;0,01;0,00;0,00;--
EXH1;iShares STOXX Europe 600 Oil & Gas UCITS ETF (DE);EUR;209.937.525,34;17.Dez.2014;Y;Deutschland;30.Sep.2014;1,25;-2,65;22,99;-1,40;12,97;28.Feb.2014;6,32;-0,97;-0,02;8,29;2,57;28.Feb.2014;1,62;5,39;-0,06;48,89;34,37;--;--;-0,05;0,00;-0,01;--
EXH6;iShares STOXX Europe 600 Media UCITS ETF (DE);EUR;25.047.704,20;17.Dez.2014;Y;Deutschland;30.Sep.2014;17,51;-10,99;27,19;31,69;11,86;28.Feb.2014;28,14;24,60;13,26;18,44;4,53;28.Feb.2014;2,02;16,42;45,29;133,12;67,46;--;--;0,00;0,00;0,00;--
EXH8;iShares STOXX Europe 600 Retail UCITS ETF (DE);EUR;13.953.115,10;17.Dez.2014;Y;Deutschland;30.Sep.2014;25,08;-13,84;16,84;25,39;-6,53;28.Feb.2014;14,58;15,59;8,93;14,12;5,38;28.Feb.2014;-0,23;7,47;29,26;93,52;84,08;--;--;0,01;0,00;0,00;--
EXI5;iShares STOXX Europe 600 Real Estate UCITS ETF (DE);EUR;66.144.362,76;17.Dez.2014;Y;Deutschland;30.Sep.2014;13,15;-6,15;21,91;13,38;18,76;28.Feb.2014;14,24;17,48;8,19;18,43;-2,88;28.Feb.2014;9,17;16,75;26,63;132,96;-19,55;--;--;0,11;0,00;0,01;--
EXH7;iShares STOXX Europe 600 Personal & Household Goods UCITS ETF (DE);EUR;33.569.585,99;17.Dez.2014;Y;Deutschland;30.Sep.2014;34,11;-1,62;29,17;22,21;7,00;28.Feb.2014;11,13;14,11;14,39;22,81;8,85;28.Feb.2014;2,13;7,47;49,67;179,38;168,47;--;--;0,01;0,00;0,00;--
EXV2;iShares STOXX Europe 600 Telecommunications UCITS ETF (DE);EUR;127.360.336,69;17.Dez.2014;Y;Deutschland;30.Sep.2014;11,46;-3,38;8,09;16,62;14,90;28.Feb.2014;35,30;14,28;6,56;11,57;0,44;28.Feb.2014;1,88;18,70;21,02;72,87;5,75;--;--;0,01;0,00;0,00;--
CSBGU3;iShares $ Treasury Bond 1-3yr UCITS ETF (Acc);USD;43.942.614,73;17.Dez.2014;Y;Irland;30.Sep.2014;2,27;0,93;0,30;0,14;0,27;30.Nov.2014;0,46;0,38;0,32;0,69;0,87;30.Nov.2014;0,62;0,25;0,96;3,50;4,87;--;1,76;0,57;1,75;0,60;0,57
EXI4;iShares FTSE 100 UCITS ETF (DE);GBP;25.133.767,16;17.Dez.2014;Y;Deutschland;30.Sep.2014;11,01;-4,90;15,52;15,91;5,55;28.Feb.2014;6,92;9,27;6,45;14,83;5,20;28.Feb.2014;1,60;6,27;20,62;99,66;84,81;--;0,00;0,02;0,00;--;0,00
EXV3;iShares STOXX Europe 600 Technology UCITS ETF (DE);EUR;34.341.856,11;17.Dez.2014;Y;Deutschland;30.Sep.2014;4,88;-6,39;15,25;35,62;8,80;28.Feb.2014;16,56;17,75;8,32;17,53;-3,62;28.Feb.2014;-0,50;12,33;27,11;124,30;-37,73;--;--;0,00;0,00;0,00;--
CSEMUS;iShares MSCI EMU Small Cap UCITS ETF;EUR;325.474.348,14;17.Dez.2014;Y;Irland;30.Sep.2014;4,65;-12,93;13,14;33,39;11,74;30.Nov.2014;5,61;20,84;19,74;10,50;13,19;30.Nov.2014;4,65;-4,99;71,66;64,73;95,57;--;--;0,03;0,00;0,00;--
EXH9;iShares STOXX Europe 600 Utilities UCITS ETF (DE);EUR;204.190.818,09;17.Dez.2014;Y;Deutschland;30.Sep.2014;-5,89;-6,85;6,14;6,82;24,97;28.Feb.2014;18,95;8,81;0,22;5,21;5,15;28.Feb.2014;7,22;15,17;0,66;28,89;79,54;--;--;0,04;0,00;0,01;--
EXV9;iShares STOXX Europe 600 Travel & Leisure UCITS ETF (DE);EUR;25.835.162,87;17.Dez.2014;Y;Deutschland;30.Sep.2014;16,56;-10,87;32,36;26,26;19,53;28.Feb.2014;28,57;30,70;17,48;21,08;5,85;28.Feb.2014;8,85;22,12;62,15;160,20;93,81;--;--;0,01;0,00;0,00;--
EXSH;iShares STOXX Europe Select Dividend 30 UCITS ETF (DE);EUR;229.861.551,48;17.Dez.2014;Y;Deutschland;30.Sep.2014;6,81;-4,08;12,17;8,40;16,76;28.Feb.2014;14,24;8,99;2,90;13,44;0,64;28.Feb.2014;5,02;15,67;8,96;87,85;5,81;--;0,00;0,43;0,00;0,05;0,05
EMBE;iShares J. P. Morgan $ EM Bond EUR Hedged UCITS ETF;EUR;259.951.662,35;17.Dez.2014;Y;Irland;30.Sep.2014;--;--;--;--;8,52;30.Nov.2014;9,90;--;--;--;8,52;30.Nov.2014;9,46;0,99;--;--;12,08;4,59;11,62;6,13;6,99;6,08;6,11
EXSD;iShares STOXX Europe Mid 200 UCITS ETF (DE);EUR;216.705.024,42;17.Dez.2014;Y;Deutschland;30.Sep.2014;16,58;-12,33;23,98;23,27;13,11;28.Feb.2014;22,82;18,83;9,46;20,94;7,71;28.Feb.2014;6,17;15,71;31,15;158,72;93,81;--;--;0,00;0,00;0,00;--
ERNE;iShares Euro Ultrashort Bond UCITS ETF;EUR;38.071.838,64;17.Dez.2014;Y;Irland;30.Sep.2014;--;--;--;--;--;30.Nov.2014;0,57;--;--;--;0,57;30.Nov.2014;0,55;0,27;--;--;0,64;0,35;0,77;2,43;0,30;0,45;2,43
EXSC;iShares STOXX Europe Large 200 UCITS ETF (DE);EUR;48.002.700,06;17.Dez.2014;Y;Deutschland;30.Sep.2014;8,81;-9,59;22,75;18,26;14,14;28.Feb.2014;15,67;14,35;7,89;16,32;5,26;28.Feb.2014;2,96;12,37;25,60;112,98;57,84;--;0,00;0,01;0,00;--;0,00
EXS2;iShares TecDAX® UCITS ETF (DE);EUR;140.951.869,01;17.Dez.2014;Y;Deutschland;30.Sep.2014;3,21;-15,28;21,99;33,27;14,78;30.Nov.2014;16,11;25,99;23,64;11,24;-0,52;30.Nov.2014;14,97;4,02;89,01;70,35;-6,82;--;--;0,00;0,00;0,00;--
ISPA;iShares STOXX Global Select Dividend 100 UCITS ETF (DE);EUR;762.470.015,92;17.Dez.2014;Y;Deutschland;30.Sep.2014;20,58;3,14;19,44;6,54;18,42;28.Feb.2014;3,83;8,81;7,09;--;11,68;28.Feb.2014;2,64;8,21;22,82;--;63,12;--;0,00;0,19;0,00;0,02;0,02
ERND;iShares $ Ultrashort Bond UCITS ETF;USD;78.429.654,50;17.Dez.2014;Y;Irland;30.Sep.2014;--;--;--;--;--;30.Nov.2014;0,30;--;--;--;0,34;30.Nov.2014;0,27;0,10;--;--;0,38;0,26;0,84;2,09;0,33;0,66;2,09
EXSE;iShares STOXX Europe Small 200 UCITS ETF (DE);EUR;216.147.320,96;17.Dez.2014;Y;Deutschland;30.Sep.2014;15,02;-9,44;21,85;23,36;10,22;28.Feb.2014;24,58;19,85;10,54;23,19;8,58;28.Feb.2014;7,09;20,12;35,06;183,72;108,14;--;0,00;0,02;0,00;--;0,00
EXS1;iShares Core DAX® UCITS ETF (DE);EUR;8.255.001.392,99;17.Dez.2014;Y;Deutschland;30.Sep.2014;9,58;-11,90;30,93;18,92;10,07;30.Nov.2014;5,96;15,92;17,73;11,95;3,16;30.Nov.2014;4,34;0,30;63,16;75,83;54,19;--;--;0,00;0,00;0,00;--
SDIG;iShares $ Short Duration Corporate Bond UCITS ETF;USD;201.134.968,32;17.Dez.2014;Y;Irland;30.Sep.2014;--;--;--;--;--;30.Nov.2014;1,48;--;--;--;1,99;30.Nov.2014;1,70;0,42;--;--;2,24;1,17;2,49;3,12;2,34;1,57;3,02
SDHY;iShares $ Short Duration High Yield Corporate Bond UCITS ETF;USD;155.992.108,44;17.Dez.2014;Y;Irland;30.Sep.2014;--;--;--;--;--;30.Nov.2014;1,85;--;--;--;2,70;30.Nov.2014;1,31;-0,75;--;--;3,05;4,49;3,28;6,94;2,30;6,49;6,95
CRPH;iShares Global Corporate Bond EUR Hedged UCITS ETF;EUR;267.506.390,09;17.Dez.2014;Y;Irland;30.Sep.2014;--;--;--;--;6,44;30.Nov.2014;6,65;--;--;--;6,86;30.Nov.2014;6,92;2,10;--;--;9,96;2,76;8,68;3,90;6,20;2,56;3,65
EXFN;iShares EURO STOXX 50 ex-Financials UCITS ETF;EUR;8.059.853,14;17.Dez.2014;Y;Irland;30.Sep.2014;--;--;--;--;--;30.Nov.2014;--;--;--;--;14,80;30.Nov.2014;8,08;0,84;--;--;14,27;--;--;0,00;0,00;0,00;--
IAPD;iShares Asia Pacific Dividend UCITS ETF;USD;420.662.419,12;17.Dez.2014;Y;Irland;30.Sep.2014;9,14;3,90;23,09;9,43;0,91;30.Nov.2014;-0,76;2,10;8,31;8,77;8,07;30.Nov.2014;-1,19;-9,43;27,05;52,28;93,38;5,82;--;0,01;0,00;0,00;--
IBCX;iShares Euro Corporate Bond Large Cap UCITS ETF;EUR;4.681.250.423,27;17.Dez.2014;Y;Irland;30.Sep.2014;6,82;0,35;10,30;2,69;7,59;30.Nov.2014;7,10;4,88;7,46;5,35;5,02;30.Nov.2014;7,59;3,36;24,07;29,77;77,43;2,08;5,36;3,51;4,74;1,00;3,17
BRIC;iShares BRIC 50 UCITS ETF;USD;379.842.671,34;17.Dez.2014;Y;Irland;30.Sep.2014;12,50;-20,13;9,81;2,72;1,29;30.Nov.2014;-0,44;2,07;2,66;-1,06;1,55;30.Nov.2014;1,79;2,56;8,20;-5,18;12,38;2,72;--;0,01;0,00;0,00;--
IWQU;iShares MSCI World Quality Factor UCITS ETF;USD;10.079.575,73;17.Dez.2014;Y;Irland;--;--;--;--;--;--;30.Nov.2014;--;--;--;--;31,22;30.Nov.2014;--;--;--;--;4,16;--;--;--;--;--;--
IWVL;iShares MSCI World Value Factor UCITS ETF;USD;14.628.876,57;17.Dez.2014;Y;Irland;--;--;--;--;--;--;30.Nov.2014;--;--;--;--;15,88;30.Nov.2014;--;--;--;--;2,24;--;--;--;--;--;--
IWMO;iShares MSCI World Momentum Factor UCITS ETF;USD;15.443.856,65;17.Dez.2014;Y;Irland;--;--;--;--;--;--;30.Nov.2014;--;--;--;--;38,77;30.Nov.2014;--;--;--;--;5,04;--;--;--;--;--;--
IWSZ;iShares MSCI World Size Factor UCITS ETF;USD;14.905.624,81;17.Dez.2014;Y;Irland;--;--;--;--;--;--;30.Nov.2014;--;--;--;--;21,25;30.Nov.2014;--;--;--;--;2,93;--;--;--;--;--;--
EMUL;iShares MSCI EMU Large Cap UCITS ETF;EUR;197.833.439,96;17.Dez.2014;Y;Irland;30.Sep.2014;--;--;--;--;13,65;30.Nov.2014;8,09;--;--;--;13,64;30.Nov.2014;7,33;0,98;--;--;16,79;--;--;0,00;0,00;0,00;--
EMUM;iShares MSCI EMU Mid Cap UCITS ETF;EUR;211.659.118,93;17.Dez.2014;Y;Irland;30.Sep.2014;--;--;--;--;6,95;30.Nov.2014;5,07;--;--;--;8,52;30.Nov.2014;3,93;-3,80;--;--;10,44;--;--;0,00;0,00;0,00;--
CSINDU;iShares Dow Jones Industrial Average UCITS ETF;USD;217.034.540,36;17.Dez.2014;Y;Irland;30.Sep.2014;--;3,06;25,56;14,74;14,50;30.Nov.2014;12,65;19,00;16,02;--;14,34;30.Nov.2014;9,23;7,49;56,17;--;91,37;--;--;0,03;0,00;0,00;--
CSSX5E;iShares Core EURO STOXX 50 UCITS ETF;EUR;412.816.558,28;17.Dez.2014;Y;Irland;30.Sep.2014;--;-17,81;17,74;21,67;15,44;30.Nov.2014;9,09;16,19;15,90;--;6,73;30.Nov.2014;8,22;1,05;55,69;--;37,08;--;--;0,00;0,00;0,00;--
CSAU;iShares MSCI Australia - B UCITS ETF;USD;41.075.750,48;17.Dez.2014;Y;Irland;30.Sep.2014;--;-9,47;22,20;11,80;-1,10;30.Nov.2014;-3,32;2,49;6,87;--;8,52;30.Nov.2014;-1,51;-9,56;22,06;--;41,73;--;--;0,23;0,00;0,02;--
CSMIB;iShares FTSE MIB UCITS ETF (Acc);EUR;196.167.427,53;17.Dez.2014;Y;Irland;30.Sep.2014;--;-25,12;5,15;18,42;22,33;30.Nov.2014;7,43;15,05;12,18;--;0,67;30.Nov.2014;7,70;-6,72;41,19;--;3,27;--;--;0,00;0,00;0,00;--
CSUKX;iShares Core FTSE 100 UCITS ETF;GBP;173.208.533,81;17.Dez.2014;Y;Irland;30.Sep.2014;--;-4,77;15,83;16,28;5,96;30.Nov.2014;4,54;10,63;10,50;--;8,63;30.Nov.2014;2,94;-0,15;34,91;--;49,34;--;--;0,01;0,00;0,00;--
CSEMAS;iShares MSCI EM Asia UCITS ETF;USD;141.179.256,73;17.Dez.2014;Y;Irland;30.Sep.2014;--;-15,01;16,29;2,96;8,03;30.Nov.2014;5,04;5,53;8,97;--;4,25;30.Nov.2014;6,42;2,91;29,38;--;19,64;--;--;0,03;0,00;0,00;--
CSCL;iShares MSCI Chile UCITS ETF;USD;14.359.391,15;17.Dez.2014;Y;Irland;30.Sep.2014;--;-22,58;15,90;-16,98;-14,72;30.Nov.2014;-11,05;-14,40;-9,03;--;-7,78;30.Nov.2014;-9,57;-10,19;-24,72;--;-29,21;--;--;0,33;0,00;0,00;--
CSCA;iShares MSCI Canada UCITS ETF;USD;385.875.454,57;31.Jul.2014;Y;Irland;--;--;--;--;--;--;30.Jun.2014;27,28;16,88;6,36;--;--;30.Jun.2014;--;11,72;20,32;--;--;--;--;0,53;0,00;0,02;--
CSBR;iShares MSCI Brazil UCITS ETF (Acc);USD;102.381.686,39;17.Dez.2014;Y;Irland;30.Sep.2014;--;-26,19;4,61;-8,71;-5,30;30.Nov.2014;-8,35;-7,20;-7,97;--;-7,45;30.Nov.2014;-3,93;-8,12;-22,05;--;-28,13;--;--;0,39;0,00;0,02;--
CSEMLA;iShares MSCI EM Latin America UCITS ETF (Acc);USD;13.423.878,06;17.Dez.2014;Y;Irland;30.Sep.2014;--;-21,90;12,17;-7,98;-1,58;30.Nov.2014;-6,30;-6,16;-4,29;--;-3,77;30.Nov.2014;-3,90;-6,51;-12,34;--;-15,10;--;--;0,71;0,00;0,03;--
CSEMU;iShares MSCI EMU UCITS ETF;EUR;834.672.206,65;17.Dez.2014;Y;Irland;30.Sep.2014;--;-16,39;18,12;22,84;13,08;30.Nov.2014;8,14;16,48;16,51;--;6,63;30.Nov.2014;7,30;0,26;58,14;--;36,82;--;--;0,00;0,00;0,00;--
CSPXJ;iShares Core MSCI Pacific ex Japan UCITS ETF;USD;105.953.055,50;17.Dez.2014;Y;Irland;30.Sep.2014;--;-11,39;23,98;11,02;0,97;30.Nov.2014;0,47;4,61;9,46;--;5,37;30.Nov.2014;1,81;-5,03;31,15;--;29,13;--;--;-0,70;0,00;-0,07;--
CSMXCP;iShares MSCI Mexico Capped UCITS ETF;USD;108.112.744,04;17.Dez.2014;Y;Irland;30.Sep.2014;--;-4,77;32,73;-2,63;11,15;30.Nov.2014;-1,16;0,66;6,90;--;8,73;30.Nov.2014;-2,27;-0,30;22,17;--;42,86;--;--;2,80;0,00;0,09;--
CSKR;iShares MSCI Korea UCITS ETF (Acc);USD;78.875.562,86;17.Dez.2014;Y;Irland;30.Sep.2014;--;-6,87;21,40;4,04;-0,30;30.Nov.2014;-11,03;-0,87;3,33;--;5,14;30.Nov.2014;-10,19;-12,05;10,34;--;23,83;--;--;0,74;0,00;0,00;--
CSJP;iShares MSCI Japan UCITS ETF (Acc);USD;671.307.077,54;17.Dez.2014;Y;Irland;--;--;--;--;--;--;30.Jun.2014;11,57;30,00;15,50;--;--;30.Jun.2014;--;-3,15;54,09;--;--;--;--;-0,01;0,00;0,00;--
CSUK;iShares MSCI UK UCITS ETF;GBP;119.192.458,43;17.Dez.2014;Y;Irland;30.Sep.2014;--;-4,53;15,95;16,25;5,62;30.Nov.2014;4,11;10,29;10,34;--;7,57;30.Nov.2014;2,50;-0,51;34,34;--;42,83;--;--;0,01;0,00;0,00;--
CSZA;iShares MSCI South Africa - B UCITS ETF;USD;12.242.414,35;17.Dez.2014;Y;Irland;30.Sep.2014;--;-10,03;18,84;-3,24;3,99;30.Nov.2014;10,02;5,62;5,41;--;6,21;30.Nov.2014;8,82;2,57;17,12;--;29,98;--;--;0,85;0,00;0,01;--
CSRU;iShares MSCI Russia ADR/GDR UCITS ETF;USD;255.047.144,81;17.Dez.2014;Y;Irland;30.Sep.2014;--;-12,30;15,60;1,97;-18,92;30.Nov.2014;-29,11;-13,48;-11,24;--;-5,33;30.Nov.2014;-30,82;-22,84;-30,07;--;-20,83;--;--;0,00;0,00;0,00;--
LQDH;iShares $ Corporate Bond Interest Rate Hedged UCITS ETF;USD;47.497.059,74;17.Dez.2014;Y;Irland;30.Sep.2014;--;--;--;--;3,65;30.Nov.2014;1,30;--;--;--;2,03;30.Nov.2014;-0,11;-1,23;--;--;2,43;3,32;11,47;4,16;-0,02;1,60;3,88
CSPX;iShares Core S&P 500 UCITS ETF;USD;9.577.060.979,02;17.Dez.2014;Y;Irland;30.Sep.2014;--;0,64;29,50;18,71;19,24;30.Nov.2014;16,39;22,83;20,34;--;16,47;30.Nov.2014;13,56;8,38;74,29;--;99,61;--;--;0,03;0,00;0,00;--
CSNKY;iShares Nikkei 225 UCITS ETF;JPY;37.838.844.991,45;17.Dez.2014;Y;Irland;30.Sep.2014;--;-5,98;3,55;64,62;12,85;30.Nov.2014;12,44;37,23;28,89;--;12,76;30.Nov.2014;8,05;19,69;114,11;--;78,92;--;--;0,08;0,00;0,00;--
CSNDX;iShares NASDAQ 100 UCITS ETF;USD;718.030.161,49;17.Dez.2014;Y;Irland;30.Sep.2014;--;7,48;31,65;16,07;26,84;30.Nov.2014;25,25;28,29;24,59;--;20,61;30.Nov.2014;21,61;16,49;93,41;--;147,94;--;--;0,06;0,00;0,00;--
CSUS;iShares MSCI USA UCITS ETF;USD;467.989.619,85;17.Dez.2014;Y;Irland;30.Sep.2014;--;0,75;29,19;19,15;18,55;30.Nov.2014;16,01;22,58;20,13;--;14,77;30.Nov.2014;13,05;8,06;73,36;--;95,96;--;--;0,02;0,00;0,00;--
CSBGU0;iShares $ Treasury Bond 7-10yr UCITS ETF (Acc);USD;18.710.753,88;17.Dez.2014;Y;Irland;30.Sep.2014;11,43;8,60;5,38;-4,27;3,15;30.Nov.2014;6,18;0,48;2,43;4,91;5,37;30.Nov.2014;8,23;2,95;7,48;27,09;33,27;--;8,46;2,15;7,64;2,05;2,13
CSBGU7;iShares $ Treasury Bond 3-7yr UCITS ETF (Acc);USD;268.894.577,25;17.Dez.2014;Y;Irland;30.Sep.2014;7,98;4,53;2,90;-1,47;0,95;30.Nov.2014;2,14;0,43;1,23;2,85;3,28;30.Nov.2014;3,39;1,27;3,73;15,11;19,41;--;4,80;2,15;4,51;1,57;2,09
SPAG;iShares Agribusiness UCITS ETF;USD;83.459.354,07;17.Dez.2014;Y;Irland;30.Sep.2014;--;--;20,35;5,03;5,80;30.Nov.2014;5,74;6,32;7,52;--;5,18;30.Nov.2014;2,86;-0,33;24,30;--;17,57;--;--;0,01;0,00;0,00;--
EXXV;iShares Dow Jones Eurozone Sustainability Screened UCITS ETF (DE);EUR;98.656.981,31;17.Dez.2014;Y;Deutschland;30.Sep.2014;1,24;-11,11;15,20;21,90;14,73;28.Feb.2014;18,68;15,01;6,33;14,25;1,62;28.Feb.2014;2,33;14,80;20,20;94,70;13,55;--;0,00;--;0,00;--;0,00
IBTS;iShares $ Treasury Bond 1-3yr UCITS ETF;USD;2.875.546.003,44;17.Dez.2014;Y;Irland;30.Sep.2014;2,61;1,07;0,33;0,22;0,39;30.Nov.2014;0,56;0,48;0,40;0,82;2,53;30.Nov.2014;0,69;0,30;1,19;4,14;23,62;0,27;1,76;0,56;1,75;0,56;0,56
ITPS;iShares $ TIPS UCITS ETF;USD;932.433.255,90;17.Dez.2014;Y;Irland;30.Sep.2014;8,72;9,97;9,19;-6,75;1,74;30.Nov.2014;3,73;-2,67;0,72;3,81;4,83;30.Nov.2014;5,34;-0,58;2,18;20,58;45,67;--;9,48;1,17;8,54;1,87;1,09
EXXX;iShares ATX UCITS ETF (DE);EUR;85.280.010,14;17.Dez.2014;Y;Deutschland;30.Sep.2014;-0,93;-21,29;9,25;23,87;-10,98;28.Feb.2014;4,89;9,85;-2,08;13,99;-0,69;28.Feb.2014;1,43;5,11;-6,11;92,46;-5,79;--;--;0,00;0,00;0,00;--
IAEX;iShares AEX UCITS ETF;EUR;232.477.323,94;17.Dez.2014;Y;Irland;30.Sep.2014;10,26;-13,87;19,26;18,84;14,89;30.Nov.2014;9,90;15,12;15,42;9,73;3,02;30.Nov.2014;8,50;5,30;53,78;59,11;30,80;2,26;--;0,00;0,00;0,00;--
SBEL;iShares Belgium Government Bond UCITS ETF;EUR;22.241.731,67;17.Dez.2014;Y;Irland;30.Sep.2014;--;--;--;1,60;11,66;30.Nov.2014;11,98;6,43;--;--;8,06;30.Nov.2014;12,90;6,90;--;--;21,96;1,33;10,10;3,79;7,88;0,71;3,04
SAUT;iShares Austria Government Bond UCITS ETF;EUR;10.014.968,72;17.Dez.2014;Y;Irland;30.Sep.2014;--;--;--;1,08;8,75;30.Nov.2014;9,71;4,94;--;--;6,31;30.Nov.2014;10,98;5,82;--;--;16,96;1,20;9,88;3,50;7,77;0,51;2,87
INXG;iShares £ Index-Linked Gilts UCITS ETF;GBP;851.051.768,60;17.Dez.2014;Y;Irland;30.Sep.2014;8,93;11,87;4,22;5,74;8,47;30.Nov.2014;14,75;8,76;6,55;8,38;7,46;30.Nov.2014;16,95;11,14;20,95;49,55;77,82;2,33;21,96;0,96;20,51;2,18;0,61
IBTM;iShares $ Treasury Bond 7-10yr UCITS ETF;USD;1.236.145.241,52;17.Dez.2014;Y;Irland;30.Sep.2014;11,49;8,70;5,44;-4,38;3,43;30.Nov.2014;6,43;0,55;2,52;5,00;6,13;30.Nov.2014;8,55;3,06;7,74;27,62;60,75;2,20;8,45;2,15;7,64;2,05;2,13
SGEA;iShares Emerging Asia Local Government Bond UCITS ETF;USD;50.763.224,89;17.Dez.2014;Y;Irland;30.Sep.2014;--;--;--;-2,10;4,05;30.Nov.2014;3,97;-0,52;--;--;1,39;30.Nov.2014;4,48;-0,61;--;--;3,86;1,52;8,40;4,75;6,17;3,77;4,48
IEAC;iShares Core Euro Corporate Bond UCITS ETF;EUR;4.866.466.371,12;17.Dez.2014;Y;Irland;30.Sep.2014;7,90;-1,60;11,70;4,24;7,63;30.Nov.2014;7,20;5,39;8,61;5,74;7,89;30.Nov.2014;7,67;3,35;28,12;32,16;54,54;1,20;5,45;3,44;4,83;1,05;3,14
IEAG;iShares Euro Aggregate Bond UCITS ETF;EUR;1.616.828.586,55;17.Dez.2014;Y;Irland;30.Sep.2014;5,56;0,16;7,92;3,67;9,54;30.Nov.2014;9,32;6,22;8,61;5,41;5,92;30.Nov.2014;9,94;4,74;28,12;30,14;39,08;1,03;7,49;3,21;6,15;0,85;2,81
SEML;iShares Emerging Markets Local Government Bond UCITS ETF;USD;1.825.317.668,23;17.Dez.2014;Y;Irland;30.Sep.2014;--;--;12,42;-6,10;-1,75;30.Nov.2014;0,23;-4,08;0,87;--;-1,53;30.Nov.2014;0,86;-4,07;2,64;--;-5,17;3,26;7,57;6,73;5,13;6,48;6,71
EEX5;iShares Euro Corporate Bond ex-Financials 1-5yr UCITS ETF;EUR;1.173.053.648,86;17.Dez.2014;Y;Irland;30.Sep.2014;5,96;1,72;6,76;2,64;3,78;30.Nov.2014;3,20;2,75;4,26;3,89;4,06;30.Nov.2014;3,37;1,39;13,34;21,01;22,90;0,92;2,90;3,87;2,71;0,64;3,59
EEXF;iShares Euro Corporate Bond ex-Financials UCITS ETF;EUR;2.106.211.821,61;17.Dez.2014;Y;Irland;30.Sep.2014;8,27;1,01;9,24;3,35;7,76;30.Nov.2014;7,51;5,18;7,20;5,68;5,89;30.Nov.2014;8,12;3,62;23,19;31,82;34,53;1,25;5,93;3,35;5,18;1,00;3,04
SE15;iShares Euro Corporate Bond 1-5yr UCITS ETF;EUR;1.111.240.117,71;17.Dez.2014;Y;Irland;30.Sep.2014;5,92;-0,14;8,98;3,52;4,18;30.Nov.2014;3,46;3,26;5,75;4,24;4,35;30.Nov.2014;3,55;1,45;18,25;23,06;24,69;0,89;2,86;3,71;2,68;0,68;3,45
IBGL;iShares Euro Government Bond 15-30yr UCITS ETF;EUR;242.580.225,68;17.Dez.2014;Y;Irland;30.Sep.2014;12,57;-2,73;9,96;4,79;23,10;30.Nov.2014;25,68;13,97;16,50;9,90;7,26;30.Nov.2014;26,68;13,00;58,12;60,29;74,92;2,64;22,15;4,65;15,22;2,01;3,21
IEGZ;iShares Euro Government Bond 10-15yr UCITS ETF;EUR;73.671.173,43;17.Dez.2014;Y;Irland;30.Sep.2014;9,22;-2,21;8,23;7,00;19,67;30.Nov.2014;20,38;12,64;15,62;8,58;8,75;30.Nov.2014;21,28;10,05;54,55;50,90;60,25;1,33;12,61;4,99;9,79;1,72;3,65
IBGS;iShares Euro Government Bond 1-3yr UCITS ETF;EUR;868.738.700,77;17.Dez.2014;Y;Irland;30.Sep.2014;1,74;0,77;4,58;3,23;2,91;30.Nov.2014;1,81;2,55;4,11;2,57;3,31;30.Nov.2014;1,84;0,67;12,85;13,55;31,85;1,05;1,94;1,44;1,91;0,40;1,41
IRCP;iShares Euro Corporate Bond Interest Rate Hedged UCITS ETF;EUR;628.723.011,81;17.Dez.2014;Y;Irland;30.Sep.2014;--;--;--;--;2,77;30.Nov.2014;2,00;2,54;--;--;2,56;30.Nov.2014;1,45;0,52;--;--;5,46;1,00;5,27;3,44;-0,20;0,85;3,14
IBCI;iShares Euro Inflation Linked Government Bond UCITS ETF;EUR;515.076.678,08;17.Dez.2014;Y;Irland;30.Sep.2014;3,74;-1,77;6,74;-2,09;5,12;30.Nov.2014;4,74;1,16;5,85;2,25;2,77;30.Nov.2014;5,71;2,11;18,58;11,78;27,96;--;8,19;1,37;7,44;0,60;1,22
IBGM;iShares Euro Government Bond 7-10yr UCITS ETF;EUR;449.796.067,82;17.Dez.2014;Y;Irland;30.Sep.2014;10,11;5,25;6,77;2,84;12,71;30.Nov.2014;13,10;7,95;9,18;7,61;6,87;30.Nov.2014;14,50;6,65;30,14;44,32;69,92;1,81;8,45;2,95;7,53;1,00;2,56
IEGY;iShares Euro Government Bond 5-7yr UCITS ETF;EUR;177.675.000,30;17.Dez.2014;Y;Irland;30.Sep.2014;7,63;3,51;6,76;1,58;6,56;30.Nov.2014;6,46;3,83;6,31;5,12;5,23;30.Nov.2014;7,88;3,49;20,15;28,34;33,16;0,49;5,96;3,52;5,41;0,68;3,02
EUCF;iShares Euro Corporate Bond Financials UCITS ETF;EUR;29.928.165,86;17.Dez.2014;Y;Irland;30.Sep.2014;--;--;--;--;7,37;30.Nov.2014;6,84;--;--;--;4,92;30.Nov.2014;7,12;3,05;--;--;7,80;1,83;4,91;3,57;4,40;1,06;3,26
IBGX;iShares Euro Government Bond 3-5yr UCITS ETF;EUR;1.124.807.431,02;17.Dez.2014;Y;Irland;30.Sep.2014;4,99;1,68;5,78;3,37;6,84;30.Nov.2014;5,25;4,39;6,33;4,35;4,87;30.Nov.2014;5,72;2,14;20,20;23,71;46,15;1,34;3,95;1,72;3,82;0,41;1,65
SFRB;iShares France Government Bond UCITS ETF;EUR;138.110.339,59;17.Dez.2014;Y;Irland;30.Sep.2014;--;--;--;1,01;9,11;30.Nov.2014;9,77;5,25;--;--;6,40;30.Nov.2014;10,79;5,56;--;--;17,23;1,17;9,51;3,31;7,43;0,61;2,76
SFIN;iShares Finland Government Bond UCITS ETF;EUR;9.564.837,21;17.Dez.2014;Y;Irland;30.Sep.2014;--;--;--;-0,15;7,32;30.Nov.2014;7,93;3,87;--;--;4,27;30.Nov.2014;9,10;4,74;--;--;11,30;1,02;7,47;2,57;6,51;0,43;2,27
IEGE;iShares Euro Government Bond 0-1yr UCITS ETF;EUR;78.079.927,54;17.Dez.2014;Y;Irland;30.Sep.2014;0,52;1,24;1,29;0,46;0,26;30.Nov.2014;0,15;0,25;0,66;0,73;0,76;30.Nov.2014;0,15;0,04;2,01;3,73;4,42;0,07;0,46;2,92;0,47;0,17;2,89
IEGA;iShares Core Euro Government Bond UCITS ETF;EUR;991.545.672,25;17.Dez.2014;Y;Irland;30.Sep.2014;4,71;0,20;7,04;3,86;11,20;30.Nov.2014;11,05;7,16;9,50;5,53;5,75;30.Nov.2014;11,67;5,61;31,28;30,86;36,94;0,96;8,83;3,45;6,96;0,90;2,92
SITB;iShares Italy Government Bond UCITS ETF;EUR;578.198.595,50;17.Dez.2014;Y;Irland;30.Sep.2014;--;--;--;8,36;16,09;30.Nov.2014;13,75;10,60;--;--;11,74;30.Nov.2014;13,73;6,12;--;--;32,87;2,69;8,46;4,16;6,50;1,61;3,55
IGIL;iShares Global Inflation Linked Government Bond UCITS ETF;USD;632.834.754,55;17.Dez.2014;Y;Irland;30.Sep.2014;5,72;6,48;7,29;-2,45;2,81;30.Nov.2014;3,79;0,00;2,35;3,27;2,87;30.Nov.2014;4,83;-0,67;7,23;17,44;19,60;--;13,50;1,21;12,36;1,73;0,99
SDEU;iShares Germany Government Bond UCITS ETF;EUR;8.108.791,89;17.Dez.2014;Y;Irland;30.Sep.2014;--;--;--;-0,68;6,36;30.Nov.2014;7,55;3,42;--;--;3,25;30.Nov.2014;8,77;4,43;--;--;8,52;0,70;8,78;2,61;7,11;0,37;2,22
SUAG;iShares US Aggregate Bond UCITS ETF;USD;357.437.773,16;17.Dez.2014;Y;Irland;30.Sep.2014;--;--;5,20;-2,11;3,65;30.Nov.2014;4,97;1,44;2,73;--;2,61;30.Nov.2014;5,60;1,79;8,42;--;8,63;1,44;7,53;2,99;5,46;2,11;2,85
SESP;iShares Spain Government Bond UCITS ETF;EUR;575.454.026,93;17.Dez.2014;Y;Irland;30.Sep.2014;--;--;--;14,58;15,56;30.Nov.2014;14,86;13,29;--;--;12,58;30.Nov.2014;14,59;6,00;--;--;35,44;2,43;8,18;4,26;6,29;1,38;3,61
SNLD;iShares Netherlands Government Bond UCITS ETF;EUR;15.155.295,32;17.Dez.2014;Y;Irland;30.Sep.2014;--;--;--;-0,61;8,16;30.Nov.2014;8,89;4,22;--;--;4,52;30.Nov.2014;9,91;5,20;--;--;11,99;1,05;9,00;2,81;7,26;0,47;2,39
IGLO;iShares Global Government Bond UCITS ETF;USD;562.763.886,33;17.Dez.2014;Y;Irland;30.Sep.2014;6,57;5,23;2,99;-6,40;-0,87;30.Nov.2014;-1,48;-3,57;-1,58;0,53;2,77;30.Nov.2014;-0,31;-4,03;-4,66;2,68;16,94;0,95;9,01;2,15;7,22;1,00;1,97
EXSB;iShares DivDAX® UCITS ETF (DE);EUR;456.153.051,72;17.Dez.2014;Y;Deutschland;30.Sep.2014;6,33;-11,03;31,18;21,87;12,76;28.Feb.2014;26,50;18,83;10,56;20,63;8,80;28.Feb.2014;1,90;23,09;35,15;155,41;111,98;--;--;0,00;0,00;0,00;--
IESE;iShares Dow Jones Europe Sustainability Screened UCITS ETF;EUR;58.784.960,55;17.Dez.2014;Y;Irland;30.Sep.2014;--;--;22,04;19,22;15,80;30.Nov.2014;10,92;15,67;17,03;--;8,77;30.Nov.2014;10,43;1,91;60,29;--;37,22;--;--;0,01;0,00;0,00;--
SEDY;iShares Emerging Markets Dividend UCITS ETF;USD;271.125.274,16;17.Dez.2014;Y;Irland;30.Sep.2014;--;--;--;-1,63;-5,40;30.Nov.2014;-7,27;-4,64;2,13;--;3,87;30.Nov.2014;-4,15;-6,01;6,53;--;12,12;5,19;--;0,57;0,00;0,05;--
EXXU;iShares Dow Jones China Offshore 50 UCITS ETF (DE);USD;68.909.097,24;17.Dez.2014;Y;Deutschland;30.Sep.2014;10,40;-20,12;14,59;13,58;5,20;28.Feb.2014;3,06;0,31;0,43;13,50;9,19;28.Feb.2014;-3,40;5,47;1,31;88,38;100,76;--;--;0,00;0,00;0,00;--
EXXW;iShares Dow Jones Asia Pacific Select Dividend 30 UCITS ETF (DE);EUR;197.435.294,74;17.Dez.2014;Y;Deutschland;30.Sep.2014;15,88;5,41;27,43;4,08;8,38;28.Feb.2014;-9,89;3,06;7,27;24,00;6,23;28.Feb.2014;-0,61;-0,74;23,45;193,18;61,45;--;0,00;0,07;0,00;0,01;0,01
EXX5;iShares Dow Jones U.S. Select Dividend UCITS ETF (DE);USD;349.099.634,52;17.Dez.2014;Y;Deutschland;30.Sep.2014;16,32;7,22;19,82;17,84;13,86;28.Feb.2014;18,49;15,66;13,94;21,52;4,91;28.Feb.2014;0,91;12,36;47,92;164,99;49,73;--;0,00;0,04;0,00;--;0,00
EXI3;iShares Dow Jones Industrial Average UCITS ETF (DE);USD;244.252.671,76;17.Dez.2014;Y;Deutschland;30.Sep.2014;13,17;4,46;21,94;14,32;13,87;28.Feb.2014;16,65;13,35;11,42;19,25;6,46;28.Feb.2014;-0,87;10,79;38,31;141,15;118,07;--;0,00;0,06;0,00;0,00;0,00
EXI2;iShares Dow Jones Global Titans 50 UCITS ETF (DE);EUR;165.013.814,32;17.Dez.2014;Y;Deutschland;30.Sep.2014;9,42;2,13;29,53;5,11;22,76;28.Feb.2014;7,44;9,83;8,57;14,22;-0,79;28.Feb.2014;-0,15;6,15;27,97;94,43;-9,42;--;--;-0,07;0,00;0,00;--
IGSG;iShares Dow Jones Global Sustainability Screened UCITS ETF;USD;159.544.788,93;17.Dez.2014;Y;Irland;30.Sep.2014;--;--;17,07;19,08;10,77;30.Nov.2014;6,08;14,56;13,19;--;6,73;30.Nov.2014;4,84;-0,77;45,02;--;27,77;--;--;0,03;0,00;0,00;--
EXX6;iShares eb.rexx® Government Germany 10.5+yr UCITS ETF (DE);EUR;99.987.510,77;17.Dez.2014;Y;Deutschland;30.Sep.2014;19,92;7,18;9,53;-2,91;15,15;30.Nov.2014;20,21;8,05;10,47;10,26;6,83;30.Nov.2014;22,94;12,15;34,83;62,96;83,31;--;20,60;4,52;14,94;1,14;2,90
EXHB;iShares eb.rexx® Government Germany 1.5-2.5yr UCITS ETF (DE);EUR;438.122.530,45;17.Dez.2014;Y;Deutschland;30.Sep.2014;2,13;1,93;0,99;-0,20;0,41;30.Nov.2014;0,19;0,04;0,18;0,96;2,16;30.Nov.2014;0,37;0,06;0,54;4,88;27,78;--;1,89;1,70;1,86;-0,06;1,67
EXHA;iShares eb.rexx® Government Germany UCITS ETF (DE);EUR;482.592.292,76;17.Dez.2014;Y;Deutschland;30.Sep.2014;6,60;4,44;4,06;0,14;4,45;30.Nov.2014;4,57;2,38;3,20;3,87;4,16;30.Nov.2014;5,83;2,46;9,90;20,90;61,91;--;5,46;2,38;5,12;0,15;2,16
EXXY;iShares Diversified Commodity Swap UCITS ETF (DE);EUR;490.929.097,97;17.Dez.2014;Y;Deutschland;30.Sep.2014;17,16;1,42;8,33;-18,94;-1,13;30.Nov.2014;-1,81;-10,00;-6,88;-1,06;-4,61;30.Nov.2014;-2,50;-8,11;-19,24;-5,17;-29,17;--;1,05;--;0,00;--;0,00
EXVM;iShares eb.rexx® Money Market UCITS ETF (DE);EUR;165.154.199,11;17.Dez.2014;Y;Deutschland;30.Sep.2014;0,38;1,03;0,05;-0,14;0,04;30.Nov.2014;0,03;-0,05;-0,07;0,25;0,79;30.Nov.2014;0,02;-0,01;-0,22;1,26;5,14;--;0,40;1,95;0,40;0,08;1,95
EXHE;iShares Pfandbriefe UCITS ETF (DE);EUR;985.448.313,82;17.Dez.2014;Y;Deutschland;30.Sep.2014;3,90;1,37;5,89;0,84;3,97;30.Nov.2014;3,77;2,58;3,65;3,22;3,51;30.Nov.2014;4,28;2,26;11,37;17,19;41,22;--;4,02;2,26;3,80;0,24;2,13
EXHD;iShares eb.rexx® Government Germany 5.5-10.5yr UCITS ETF (DE);EUR;295.368.269,30;17.Dez.2014;Y;Deutschland;30.Sep.2014;9,73;6,53;6,11;0,40;7,79;30.Nov.2014;8,53;4,41;5,76;6,12;5,17;30.Nov.2014;10,49;4,80;18,28;34,60;78,33;--;7,61;2,15;7,04;0,32;1,90
EXHC;iShares eb.rexx® Government Germany 2.5-5.5yr UCITS ETF (DE);EUR;284.040.480,24;17.Dez.2014;Y;Deutschland;30.Sep.2014;5,78;3,78;3,22;0,11;2,55;30.Nov.2014;2,12;1,17;1,82;2,90;3,41;30.Nov.2014;2,93;0,91;5,57;15,34;46,93;--;3,83;2,30;3,66;-0,02;2,13
EXW1;iShares EURO STOXX 50 UCITS ETF (DE);EUR;4.711.470.174,86;17.Dez.2014;Y;Deutschland;30.Sep.2014;-1,23;-16,87;17,51;22,14;15,70;28.Feb.2014;20,18;14,58;4,70;13,33;-0,23;28.Feb.2014;1,80;14,31;14,76;86,93;-2,98;--;--;0,00;0,00;0,00;--
EUE;iShares EURO STOXX 50 UCITS ETF (Dist);EUR;4.794.859.263,14;17.Dez.2014;Y;Irland;30.Sep.2014;-1,30;-17,35;17,81;21,42;14,95;30.Nov.2014;8,55;15,82;15,64;6,75;-0,29;30.Nov.2014;7,70;0,92;54,64;38,66;-4,11;2,92;--;0,00;0,00;0,00;--
EXSI;iShares EURO STOXX UCITS ETF (DE);EUR;878.986.072,09;17.Dez.2014;Y;Deutschland;30.Sep.2014;1,06;-15,61;17,95;23,51;13,12;28.Feb.2014;21,47;16,22;6,10;14,92;4,87;28.Feb.2014;2,98;15,40;19,44;100,40;52,11;--;--;0,00;0,00;0,00;--
IDVY;iShares EURO Dividend UCITS ETF;EUR;615.216.447,25;17.Dez.2014;Y;Irland;30.Sep.2014;3,82;-13,59;10,43;14,37;18,85;30.Nov.2014;13,58;18,49;13,22;7,24;2,64;30.Nov.2014;14,39;-0,63;45,13;41,83;26,68;3,94;--;0,00;0,00;0,00;--
DJMC;iShares EURO STOXX Mid UCITS ETF;EUR;174.305.341,93;17.Dez.2014;Y;Irland;30.Sep.2014;0,84;-16,88;18,35;27,62;11,50;30.Nov.2014;7,39;18,91;19,19;9,08;7,15;30.Nov.2014;6,83;-2,53;69,31;54,43;100,64;2,36;--;0,00;0,00;0,00;--
EXX1;iShares EURO STOXX Banks 30-15 UCITS ETF (DE);EUR;1.134.268.031,46;17.Dez.2014;Y;Deutschland;30.Sep.2014;-19,89;-40,01;0,54;28,73;21,84;30.Nov.2014;5,78;18,13;17,60;-4,75;-2,91;30.Nov.2014;4,99;-5,00;62,64;-21,60;-33,08;--;--;0,00;0,00;0,00;--
EXX2;iShares EURO STOXX Telecommunications 30-15 UCITS ETF (DE);EUR;85.228.000,59;17.Dez.2014;Y;Deutschland;30.Sep.2014;2,27;-13,34;-10,90;7,12;19,24;30.Nov.2014;22,21;24,16;7,13;1,95;-0,56;30.Nov.2014;21,95;9,07;22,94;10,12;-7,35;--;--;0,00;0,00;0,00;--
DJSC;iShares EURO STOXX Small UCITS ETF;EUR;327.118.479,56;17.Dez.2014;Y;Irland;30.Sep.2014;6,03;-12,62;10,67;23,68;8,30;30.Nov.2014;4,08;14,81;14,23;8,06;7,04;30.Nov.2014;2,39;-5,60;49,06;47,32;98,65;2,87;--;0,00;0,00;0,00;--
EXSG;iShares EURO STOXX Select Dividend 30 UCITS ETF (DE);EUR;471.534.334,11;17.Dez.2014;Y;Deutschland;30.Sep.2014;3,81;-13,67;10,15;14,72;19,00;28.Feb.2014;19,07;9,98;2,01;13,85;2,55;28.Feb.2014;5,33;19,03;6,16;91,27;24,92;--;--;0,00;0,00;0,00;--
ISF;iShares FTSE 100 UCITS ETF (Dist);GBP;3.690.253.235,74;17.Dez.2014;Y;Irland;30.Sep.2014;11,40;-4,79;15,87;16,29;5,71;30.Nov.2014;4,27;10,47;10,40;8,67;3,65;30.Nov.2014;2,70;-0,30;34,56;51,57;68,84;3,53;--;0,02;0,00;0,00;--
IDJV;iShares EURO Total Market Value Large UCITS ETF;EUR;135.748.874,68;17.Dez.2014;Y;Irland;30.Sep.2014;-5,22;-17,88;9,65;23,41;19,87;30.Nov.2014;8,90;18,88;15,25;5,05;2,66;30.Nov.2014;8,45;-1,37;53,07;27,91;26,84;3,57;--;0,00;0,00;0,00;--
IDJG;iShares EURO Total Market Growth Large UCITS ETF;EUR;74.414.266,68;17.Dez.2014;Y;Irland;30.Sep.2014;11,71;-14,37;33,61;21,63;7,38;30.Nov.2014;6,94;13,39;18,61;12,18;4,69;30.Nov.2014;5,99;3,33;66,88;77,69;51,62;2,16;--;0,01;0,00;0,00;--
FXC;iShares China Large Cap UCITS ETF;USD;1.003.479.262,65;17.Dez.2014;Y;Irland;30.Sep.2014;6,32;-23,87;12,34;9,77;4,23;30.Nov.2014;3,98;6,96;9,03;0,91;10,91;30.Nov.2014;8,84;12,40;29,59;4,64;184,78;2,68;--;0,00;0,00;0,00;--
MIDD;iShares FTSE 250 UCITS ETF;GBP;825.500.486,49;17.Dez.2014;Y;Irland;30.Sep.2014;17,81;-4,41;22,50;29,92;5,40;30.Nov.2014;4,81;17,34;18,10;14,85;11,74;30.Nov.2014;1,56;0,14;64,71;99,86;227,12;2,63;--;0,01;0,00;0,01;--
IUSP;iShares US Property Yield UCITS ETF;USD;720.250.950,75;17.Dez.2014;Y;Irland;30.Sep.2014;28,69;2,93;30,14;4,67;11,68;30.Nov.2014;27,08;15,16;15,93;17,27;4,22;30.Nov.2014;26,94;9,24;55,81;121,81;39,59;2,83;--;0,03;0,00;0,00;--
IUKP;iShares UK Property UCITS ETF;GBP;656.462.306,16;17.Dez.2014;Y;Irland;30.Sep.2014;0,56;-1,44;18,73;23,55;17,15;30.Nov.2014;23,41;23,38;22,02;13,88;-3,28;30.Nov.2014;21,48;9,54;81,68;91,56;-22,64;2,14;--;0,01;0,00;0,00;--
IWDP;iShares Developed Markets Property Yield UCITS ETF;USD;2.753.625.879,58;17.Dez.2014;Y;Irland;30.Sep.2014;20,59;-5,98;29,14;5,60;8,20;30.Nov.2014;18,51;10,39;14,12;12,43;3,43;30.Nov.2014;19,23;5,19;48,63;79,68;31,45;2,89;--;-0,02;0,00;0,00;--
IASP;iShares Asia Property Yield UCITS ETF;USD;230.194.374,02;17.Dez.2014;Y;Irland;30.Sep.2014;14,59;-16,94;35,58;6,03;1,78;30.Nov.2014;8,72;3,26;11,67;7,72;4,22;30.Nov.2014;11,95;2,02;39,27;45,02;39,88;3,48;--;0,02;0,00;0,00;--
IUKD;iShares UK Dividend UCITS ETF;GBP;704.229.388,16;17.Dez.2014;Y;Irland;30.Sep.2014;10,43;-2,67;15,07;23,27;6,33;30.Nov.2014;9,10;16,80;15,55;11,71;4,33;30.Nov.2014;7,51;2,04;54,27;73,95;46,84;4,71;--;0,02;0,00;0,01;--
IGLT;iShares Core UK Gilts UCITS ETF;GBP;1.009.275.465,68;17.Dez.2014;Y;Irland;30.Sep.2014;7,03;7,51;8,06;-3,21;5,48;30.Nov.2014;10,43;3,23;3,72;5,68;5,68;30.Nov.2014;11,67;7,67;11,58;31,81;55,61;2,04;14,41;3,84;9,86;1,63;3,21
IMIB;iShares FTSE MIB UCITS ETF (Dist);EUR;897.922.334,22;17.Dez.2014;Y;Irland;30.Sep.2014;-10,47;-25,66;5,15;18,45;22,34;30.Nov.2014;7,43;15,08;12,23;0,76;-6,75;30.Nov.2014;7,70;-6,74;41,37;3,85;-40,36;2,39;--;0,02;0,00;0,00;--
IEUT;iShares FTSEurofirst 100 UCITS ETF;EUR;44.903.199,69;17.Dez.2014;Y;Irland;30.Sep.2014;6,25;-11,28;21,47;16,13;14,60;30.Nov.2014;8,51;13,90;14,41;8,95;2,91;30.Nov.2014;7,53;1,36;49,75;53,50;45,73;3,54;--;0,01;0,00;0,00;--
INFR;iShares Global Infrastructure UCITS ETF;USD;415.345.651,42;17.Dez.2014;Y;Irland;30.Sep.2014;1,43;-1,39;8,27;8,35;13,72;30.Nov.2014;15,62;13,72;9,79;6,52;3,55;30.Nov.2014;14,33;2,44;32,33;37,14;32,71;2,84;--;-0,06;0,00;0,00;--
IPRP;iShares European Property Yield UCITS ETF;EUR;1.063.496.226,51;17.Dez.2014;Y;Irland;30.Sep.2014;21,75;-9,25;13,17;10,65;15,10;30.Nov.2014;17,20;11,53;15,42;11,20;6,53;30.Nov.2014;19,01;4,49;53,75;70,01;77,53;3,10;--;0,00;0,00;0,00;--
HYLD;iShares Global High Yield Corp Bond UCITS ETF;USD;240.972.962,72;17.Dez.2014;Y;Irland;30.Sep.2014;--;--;--;--;4,04;30.Nov.2014;1,30;5,24;--;--;5,93;30.Nov.2014;0,49;-3,17;--;--;12,53;5,22;5,50;6,28;3,75;5,99;6,34
CORP;iShares Global Corporate Bond UCITS ETF;USD;305.096.408,01;17.Dez.2014;Y;Irland;30.Sep.2014;--;--;--;0,68;4,12;30.Nov.2014;3,47;2,02;--;--;2,55;30.Nov.2014;3,43;-1,18;--;--;5,65;2,69;8,65;3,98;6,16;2,54;3,70
IEUR;iShares FTSEurofirst 80 UCITS ETF;EUR;31.070.019,65;17.Dez.2014;Y;Irland;30.Sep.2014;0,45;-16,74;18,05;20,95;15,04;30.Nov.2014;9,24;16,40;16,06;7,42;0,71;30.Nov.2014;8,44;1,44;56,33;43,05;10,43;3,19;--;0,00;0,00;0,00;--
SEMB;iShares J.P. Morgan $ Emerging Markets Bond UCITS ETF;USD;3.688.599.092,43;17.Dez.2014;Y;Irland;30.Sep.2014;15,74;0,07;20,17;-5,62;8,97;30.Nov.2014;10,26;1,28;6,72;7,63;7,41;30.Nov.2014;9,73;1,16;21,55;44,41;62,48;4,50;11,59;6,12;6,93;6,03;6,10
EXHG;iShares Euro Government Bond Capped 1.5-2.5yr UCITS ETF (DE);EUR;45.291.422,85;17.Dez.2014;Y;Deutschland;30.Sep.2014;-0,28;1,35;4,31;2,05;2,54;30.Nov.2014;1,85;1,95;3,47;1,94;2,96;30.Nov.2014;1,96;0,48;10,78;10,08;27,74;--;2,04;1,95;2,00;0,23;1,89
EXHF;iShares Euro Government Bond Capped 1.5-10.5yr UCITS ETF (DE);EUR;206.406.045,15;17.Dez.2014;Y;Deutschland;30.Sep.2014;3,06;1,31;6,49;4,89;10,56;30.Nov.2014;9,90;7,02;9,42;5,31;5,36;30.Nov.2014;10,74;4,78;31,00;29,52;54,90;--;6,57;2,99;5,92;0,75;2,64
SHYU;iShares $ High Yield Corporate Bond UCITS ETF;USD;1.188.591.033,20;17.Dez.2014;Y;Irland;30.Sep.2014;--;--;20,50;5,60;5,54;30.Nov.2014;3,27;5,17;8,93;--;8,92;30.Nov.2014;2,82;-1,15;29,26;--;31,61;6,00;5,95;6,64;4,02;6,85;6,83
LQDE;iShares $ Corporate Bond UCITS ETF;USD;2.124.941.572,63;17.Dez.2014;Y;Irland;30.Sep.2014;13,61;0,82;15,05;-2,68;7,84;30.Nov.2014;8,49;2,96;7,38;6,85;4,85;30.Nov.2014;8,55;2,15;23,81;39,25;72,71;3,16;11,81;4,34;7,93;3,31;4,03
SLXX;iShares Core £ Corporate Bond UCITS ETF;GBP;1.248.963.808,34;17.Dez.2014;Y;Irland;30.Sep.2014;10,88;-0,08;15,35;1,60;7,92;30.Nov.2014;10,55;5,52;9,05;7,32;5,08;30.Nov.2014;11,50;5,98;29,70;42,37;69,74;3,41;14,50;5,57;9,04;3,24;4,69
EXHJ;iShares Euro Government Bond Capped 5.5-10.5yr UCITS ETF (DE);EUR;48.609.793,35;17.Dez.2014;Y;Deutschland;30.Sep.2014;4,06;1,36;7,18;6,30;13,45;30.Nov.2014;12,70;9,00;11,49;6,50;6,16;30.Nov.2014;13,69;6,13;38,59;36,99;65,08;--;7,85;3,30;6,97;0,93;2,82
EXHH;iShares Euro Government Bond Capped 2.5-5.5yr UCITS ETF (DE);EUR;58.319.018,73;17.Dez.2014;Y;Deutschland;30.Sep.2014;1,78;1,17;5,21;3,16;5,90;30.Nov.2014;4,53;3,92;5,73;3,35;4,09;30.Nov.2014;4,94;1,93;18,21;17,93;39,96;--;3,66;2,02;3,53;0,38;1,91
EXHK;iShares Euro Government Bond Capped 10.5+yr UCITS ETF (DE);EUR;41.824.577,08;17.Dez.2014;Y;Deutschland;30.Sep.2014;11,80;-2,80;9,23;6,06;21,02;30.Nov.2014;23,00;13,25;16,57;9,44;7,50;30.Nov.2014;24,28;12,09;58,41;56,97;83,46;--;18,14;4,63;13,13;1,67;3,21
IHYG;iShares Euro High Yield Corporate Bond UCITS ETF;EUR;2.604.328.536,13;17.Dez.2014;Y;Irland;30.Sep.2014;--;-4,40;21,54;9,90;6,58;30.Nov.2014;4,86;6,92;11,99;--;8,20;30.Nov.2014;4,31;0,80;40,44;--;39,67;5,24;4,03;5,67;2,81;4,31;5,50
ICOV;iShares Euro Covered Bond UCITS ETF;EUR;1.286.961.757,65;17.Dez.2014;Y;Irland;30.Sep.2014;3,93;0,69;8,70;4,85;7,46;30.Nov.2014;6,71;5,66;7,63;5,15;6,21;30.Nov.2014;7,17;3,56;24,67;28,52;46,44;0,90;4,83;2,99;4,40;0,50;2,72
EMCP;iShares $ Emerging Markets Corporate Bond UCITS ETF;USD;125.134.051,84;17.Dez.2014;Y;Irland;30.Sep.2014;--;--;--;-1,77;6,76;30.Nov.2014;6,23;1,72;--;--;4,48;30.Nov.2014;6,01;-0,02;--;--;12,15;4,34;7,79;5,41;5,30;6,22;5,64
EXS3;iShares MDAX® UCITS ETF (DE);EUR;1.133.312.586,14;17.Dez.2014;Y;Deutschland;30.Sep.2014;18,60;-4,93;31,04;35,95;5,76;30.Nov.2014;3,42;20,14;22,77;18,51;9,61;30.Nov.2014;1,96;-0,05;85,06;133,78;248,79;--;0,00;--;0,00;0,00;0,00
SAUS;iShares MSCI Australia UCITS ETF;USD;548.497.349,33;17.Dez.2014;Y;Irland;30.Sep.2014;--;-9,47;22,06;11,70;-1,09;30.Nov.2014;-3,29;2,49;6,84;--;5,05;30.Nov.2014;-1,47;-9,55;21,94;--;27,01;--;--;0,07;0,00;0,01;--
SSAC;iShares MSCI ACWI UCITS ETF;USD;333.557.576,15;17.Dez.2014;Y;Irland;30.Sep.2014;--;--;--;17,12;11,33;30.Nov.2014;7,95;15,21;14,48;--;13,89;30.Nov.2014;6,11;2,01;50,05;--;49,82;--;--;0,07;0,00;0,00;--
ISFE;iShares MSCI AC Far East ex-Japan Small Cap UCITS ETF;USD;60.232.943,70;17.Dez.2014;Y;Irland;30.Sep.2014;28,67;-17,39;17,75;13,88;5,19;30.Nov.2014;-0,21;6,13;9,30;6,71;3,87;30.Nov.2014;-0,05;-3,79;30,57;38,34;28,30;2,26;--;0,01;0,00;0,00;--
IFFF;iShares MSCI AC Far East ex-Japan UCITS ETF;USD;2.318.215.035,80;17.Dez.2014;Y;Irland;30.Sep.2014;17,77;-13,09;20,14;5,97;5,17;30.Nov.2014;2,71;5,19;9,48;6,56;9,30;30.Nov.2014;4,10;1,65;31,22;37,41;124,43;1,95;--;0,06;0,00;0,00;--
IEER;iShares MSCI Eastern Europe Capped UCITS ETF;USD;194.025.016,04;17.Dez.2014;Y;Irland;30.Sep.2014;17,93;-15,84;15,80;4,02;-12,63;30.Nov.2014;-21,99;-8,52;-5,62;-2,90;1,32;30.Nov.2014;-22,16;-17,01;-15,93;-13,68;12,65;4,15;--;0,02;0,00;0,01;--
IBZL;iShares MSCI Brazil UCITS ETF (Dist);USD;307.848.716,69;17.Dez.2014;Y;Irland;30.Sep.2014;15,51;-26,17;4,42;-8,70;-5,42;30.Nov.2014;-8,47;-7,23;-8,03;-7,91;6,02;30.Nov.2014;-3,99;-8,11;-22,21;-33,76;69,58;5,56;--;-2,33;0,00;-0,15;--
QDIV;iShares MSCI USA Dividend IQ UCITS ETF;USD;83.255.179,59;17.Dez.2014;Y;Irland;30.Sep.2014;--;--;--;--;--;30.Nov.2014;--;--;--;--;16,32;30.Nov.2014;--;--;--;--;7,58;0,72;--;--;--;--;--
IEMS;iShares MSCI Emerging Markets Small Cap UCITS ETF;USD;379.863.520,84;17.Dez.2014;Y;Irland;30.Sep.2014;32,87;-21,33;16,58;4,88;5,48;30.Nov.2014;1,45;4,01;6,50;4,39;20,04;30.Nov.2014;2,62;-2,86;20,79;23,94;184,91;0,69;--;0,16;0,00;0,04;--
SEMA;iShares MSCI Emerging Markets UCITS ETF (Acc);USD;324.591.932,90;17.Dez.2014;Y;Irland;30.Sep.2014;19,23;-16,73;16,56;-0,81;3,86;30.Nov.2014;0,46;1,21;4,11;2,69;3,62;30.Nov.2014;1,82;-1,13;12,85;14,21;20,23;--;--;1,25;0,00;0,09;--
IEEM;iShares MSCI Emerging Markets UCITS ETF (Dist);USD;5.076.993.613,14;17.Dez.2014;Y;Irland;30.Sep.2014;18,88;-15,91;15,93;-0,76;3,81;30.Nov.2014;0,49;1,25;4,18;2,76;6,89;30.Nov.2014;1,90;-1,09;13,08;14,61;82,51;2,22;--;2,42;0,00;0,18;--
LTAM;iShares MSCI EM Latin America UCITS ETF (Dist);USD;212.876.953,26;17.Dez.2014;Y;Irland;30.Sep.2014;21,71;-19,70;12,91;-8,57;-1,75;30.Nov.2014;-6,50;-6,71;-4,45;-3,01;-2,07;30.Nov.2014;-4,09;-6,60;-12,77;-14,19;-13,82;3,46;--;6,12;0,00;0,26;--
IEUX;iShares MSCI Europe ex-UK UCITS ETF;EUR;1.521.287.697,03;17.Dez.2014;Y;Irland;30.Sep.2014;6,46;-13,33;20,80;21,88;13,42;30.Nov.2014;9,84;16,41;17,26;9,93;3,67;30.Nov.2014;9,03;1,49;61,22;60,56;35,80;2,12;--;0,04;0,00;0,00;--
CEMG;iShares MSCI Emerging Markets Consumer Growth UCITS ETF;USD;4.675.341,69;17.Dez.2014;Y;Irland;30.Sep.2014;--;--;--;--;--;30.Nov.2014;--;--;--;--;2,48;30.Nov.2014;--;--;--;--;1,19;--;--;--;--;--;--
SMEA;iShares MSCI Europe UCITS ETF (Acc);EUR;397.425.591,53;17.Dez.2014;Y;Irland;30.Sep.2014;9,70;-10,35;22,22;17,96;13,36;30.Nov.2014;9,47;14,68;15,76;10,45;10,15;30.Nov.2014;8,40;1,56;55,14;64,34;65,04;--;--;0,02;0,00;0,00;--
EIMI;iShares Core MSCI Emerging Markets IMI UCITS ETF;USD;666.095.425,17;17.Dez.2014;Y;Irland;30.Sep.2014;--;--;--;--;--;30.Nov.2014;--;--;--;--;-2,02;30.Nov.2014;--;-1,01;--;--;-1,01;--;--;--;--;--;--
IMEU;iShares MSCI Europe UCITS ETF (Dist);EUR;3.759.765.188,41;17.Dez.2014;Y;Irland;30.Sep.2014;9,57;-10,23;22,38;18,01;13,36;30.Nov.2014;9,46;14,70;15,82;10,48;0,88;30.Nov.2014;8,39;1,56;55,38;64,58;6,69;2,60;--;0,01;0,00;0,00;--
SJPA;iShares Core MSCI Japan IMI UCITS ETF;USD;853.875.345,30;17.Dez.2014;Y;Irland;30.Sep.2014;-0,58;-0,69;-2,29;30,82;0,24;30.Nov.2014;-2,56;13,46;9,87;5,27;4,13;30.Nov.2014;-3,28;1,28;32,63;29,31;23,31;--;--;-4,07;0,00;0,00;--
IJPN;iShares MSCI Japan UCITS ETF (Dist);USD;2.123.816.643,73;17.Dez.2014;Y;Irland;30.Sep.2014;-0,39;-0,59;-2,29;30,90;0,01;30.Nov.2014;-2,41;13,58;9,94;5,38;2,98;30.Nov.2014;-3,12;1,48;32,90;29,96;34,75;1,28;--;0,46;0,00;0,00;--
IGCC;iShares MSCI GCC ex-Saudi Arabia UCITS ETF;USD;12.362.044,59;17.Dez.2014;Y;Irland;30.Sep.2014;-2,10;-5,25;3,72;22,37;33,05;30.Nov.2014;21,29;21,91;15,74;10,90;14,17;30.Nov.2014;16,45;-11,82;55,05;67,76;112,80;2,84;--;0,04;0,01;0,01;--
IKOR;iShares MSCI Korea UCITS ETF (Dist);USD;541.655.622,67;17.Dez.2014;Y;Irland;30.Sep.2014;14,34;-6,82;21,69;3,94;-0,39;30.Nov.2014;-11,12;-1,00;3,33;6,05;4,75;30.Nov.2014;-10,24;-12,05;10,33;34,14;52,02;0,09;--;8,01;0,00;0,01;--
ISJP;iShares MSCI Japan Small Cap UCITS ETF (Dist);USD;188.548.150,17;17.Dez.2014;Y;Irland;30.Sep.2014;-2,17;11,28;-3,05;28,04;1,59;30.Nov.2014;-1,14;12,76;8,99;7,31;2,78;30.Nov.2014;-1,88;-0,78;29,45;42,31;19,69;1,44;--;-1,51;0,00;0,00;--
IJPE;iShares MSCI Japan EUR Hedged UCITS ETF;EUR;3.322.610.410,95;17.Dez.2014;Y;Irland;30.Sep.2014;--;-7,44;-3,97;60,75;11,27;30.Nov.2014;11,99;33,86;23,98;--;13,41;30.Nov.2014;8,39;17,54;90,56;--;68,95;--;--;--;--;--;--
SPOL;iShares MSCI Poland UCITS ETF;USD;43.083.168,46;17.Dez.2014;Y;Irland;30.Sep.2014;--;--;17,47;10,48;3,55;30.Nov.2014;-10,07;2,50;7,40;--;-2,14;30.Nov.2014;-5,69;-8,30;23,87;--;-8,00;--;--;0,29;0,00;0,01;--
IPXJ;iShares MSCI Pacific ex-Japan UCITS ETF (Dist);USD;359.154.180,05;17.Dez.2014;Y;Irland;30.Sep.2014;12,76;-11,35;23,82;11,06;0,77;30.Nov.2014;0,24;4,51;9,36;6,35;14,23;30.Nov.2014;1,60;-5,19;30,79;36,02;111,16;3,38;--;0,07;0,00;0,01;--
INAA;iShares MSCI North America UCITS ETF;USD;2.767.982.527,46;17.Dez.2014;Y;Irland;30.Sep.2014;9,54;-0,16;27,63;17,70;17,93;30.Nov.2014;15,21;21,19;18,86;14,31;7,13;30.Nov.2014;12,35;7,36;67,91;95,13;79,54;1,31;--;0,47;0,00;0,01;--
ITKY;iShares MSCI Turkey UCITS ETF;USD;228.378.641,66;17.Dez.2014;Y;Irland;30.Sep.2014;43,52;-29,53;16,27;0,47;-9,25;30.Nov.2014;6,52;-1,12;10,83;6,85;5,95;30.Nov.2014;25,59;1,91;36,14;39,26;59,50;1,40;--;0,10;0,00;0,01;--
ITWN;iShares MSCI Taiwan UCITS ETF;USD;625.364.320,48;17.Dez.2014;Y;Irland;30.Sep.2014;11,23;-7,34;13,54;5,36;11,30;30.Nov.2014;12,59;10,08;12,69;7,45;7,39;30.Nov.2014;11,05;4,76;43,11;43,23;91,14;1,55;--;0,05;0,00;0,00;--
SRSA;iShares MSCI South Africa UCITS ETF;USD;19.441.117,80;17.Dez.2014;Y;Irland;30.Sep.2014;--;-10,12;18,72;-3,35;4,06;30.Nov.2014;10,07;5,56;5,35;--;7,74;30.Nov.2014;8,85;2,56;16,93;--;43,62;--;--;--;--;--;--
SWDA;iShares Core MSCI World UCITS ETF;USD;2.398.789.959,39;17.Dez.2014;Y;Irland;30.Sep.2014;5,94;-4,84;21,31;20,16;12,23;30.Nov.2014;9,01;17,40;15,97;10,65;10,94;30.Nov.2014;6,77;2,37;55,95;65,83;71,20;--;--;0,04;0,00;0,00;--
IJPD;iShares MSCI Japan USD Hedged UCITS ETF;USD;595.537.807,42;17.Dez.2014;Y;Irland;30.Sep.2014;--;--;--;--;11,15;30.Nov.2014;11,80;--;--;--;15,23;30.Nov.2014;8,14;17,18;--;--;17,98;--;--;0,08;0,00;0,00;--
IWRD;iShares MSCI World UCITS ETF (Dist);USD;7.477.800.083,39;17.Dez.2014;Y;Irland;30.Sep.2014;5,64;-4,87;21,34;19,98;12,05;30.Nov.2014;8,77;17,23;15,87;10,44;6,34;30.Nov.2014;6,57;2,19;55,57;64,26;74,87;1,74;--;0,06;0,00;0,00;--
IWDE;iShares MSCI World EUR Hedged UCITS ETF;EUR;481.724.732,40;17.Dez.2014;Y;Irland;30.Sep.2014;--;-5,96;19,58;21,03;14,62;30.Nov.2014;12,32;19,59;17,23;--;12,30;30.Nov.2014;10,15;6,08;61,10;--;62,16;--;--;--;--;--;--
SPMV;iShares S&P 500 Minimum Volatility UCITS ETF;USD;467.391.865,43;17.Dez.2014;Y;Irland;30.Sep.2014;--;--;--;--;16,06;30.Nov.2014;16,32;20,93;--;--;20,93;30.Nov.2014;14,71;9,44;--;--;46,25;--;--;0,04;0,00;0,00;--
MVOL;iShares MSCI World Minimum Volatility UCITS ETF;USD;602.803.101,95;17.Dez.2014;Y;Irland;30.Sep.2014;--;--;--;--;10,65;30.Nov.2014;12,28;14,61;--;--;14,61;30.Nov.2014;11,74;6,21;--;--;31,35;--;--;0,03;0,00;0,00;--
MVEU;iShares MSCI Europe Minimum Volatility UCITS ETF;EUR;132.433.763,83;17.Dez.2014;Y;Irland;30.Sep.2014;--;--;--;--;18,49;30.Nov.2014;17,64;16,25;--;--;16,25;30.Nov.2014;15,67;5,61;--;--;35,14;--;--;0,01;0,00;0,00;--
EMMV;iShares MSCI Emerging Markets Minimum Volatility UCITS ETF;USD;197.551.982,60;17.Dez.2014;Y;Irland;30.Sep.2014;--;--;--;--;4,22;30.Nov.2014;3,06;3,75;--;--;3,75;30.Nov.2014;3,75;0,74;--;--;7,63;--;--;-1,90;0,00;-0,13;--
EXX7;iShares Nikkei 225® UCITS ETF (DE);JPY;17.723.395.428,00;17.Dez.2014;Y;Deutschland;30.Sep.2014;-6,49;-5,87;3,65;64,00;12,85;28.Feb.2014;28,15;24,35;12,80;15,49;0,33;28.Feb.2014;-8,87;11,30;43,54;105,42;2,54;--;--;0,06;0,00;0,00;--
EXXT;iShares NASDAQ-100® UCITS ETF (DE);USD;839.488.768,05;17.Dez.2014;Y;Deutschland;30.Sep.2014;17,00;10,26;28,74;15,82;26,56;28.Feb.2014;34,20;18,87;16,75;27,06;10,75;28.Feb.2014;3,65;20,58;59,13;231,14;124,60;--;0,00;0,03;0,00;0,00;0,00
IUSE;iShares S&P 500 EUR Hedged UCITS ETF;EUR;919.205.877,26;17.Dez.2014;Y;Irland;30.Sep.2014;--;-0,02;27,54;17,85;18,51;30.Nov.2014;15,70;22,03;19,34;--;16,23;30.Nov.2014;12,95;8,08;69,99;--;87,11;--;--;--;--;--;--
IUSA;iShares S&P 500 UCITS ETF (Dist);USD;13.443.480.183,99;17.Dez.2014;Y;Irland;30.Sep.2014;9,42;0,45;29,27;18,51;18,90;30.Nov.2014;16,04;22,54;20,08;15,15;6,03;30.Nov.2014;13,24;8,20;73,14;102,47;110,43;1,29;--;0,03;0,00;0,00;--
;;;;;;;;;;;;;;;;;;;;;;;;;;;;;;
 ;;;;;;;;;;;;;;;;;;;;;;;;;;;;;;
